id,title,description
1,Day 1 Stupid Quiz,Your daily moment of confusion and fun — Quiz #1!
2,Day 2 Stupid Quiz,Your daily moment of confusion and fun — Quiz #2!
3,Day 3 Stupid Quiz,Your daily moment of confusion and fun — Quiz #3!
4,Day 4 Stupid Quiz,Your daily moment of confusion and fun — Quiz #4!
5,Day 5 Stupid Quiz,Your daily moment of confusion and fun — Quiz #5!
6,Day 6 Stupid Quiz,Your daily moment of confusion and fun — Quiz #6!
7,Day 7 Stupid Quiz,Your daily moment of confusion and fun — Quiz #7!
8,Day 8 Stupid Quiz,Your daily moment of confusion and fun — Quiz #8!
9,Day 9 Stupid Quiz,Your daily moment of confusion and fun — Quiz #9!
10,Day 10 Stupid Quiz,Your daily moment of confusion and fun — Quiz #10!
11,Day 11 Stupid Quiz,Your daily moment of confusion and fun — Quiz #11!
12,Day 12 Stupid Quiz,Your daily moment of confusion and fun — Quiz #12!
13,Day 13 Stupid Quiz,Your daily moment of confusion and fun — Quiz #13!
14,Day 14 Stupid Quiz,Your daily moment of confusion and fun — Quiz #14!
15,Day 15 Stupid Quiz,Your daily moment of confusion and fun — Quiz #15!
16,Day 16 Stupid Quiz,Your daily moment of confusion and fun — Quiz #16!
17,Day 17 Stupid Quiz,Your daily moment of confusion and fun — Quiz #17!
18,Day 18 Stupid Quiz,Your daily moment of confusion and fun — Quiz #18!
19,Day 19 Stupid Quiz,Your daily moment of confusion and fun — Quiz #19!
20,Day 20 Stupid Quiz,Your daily moment of confusion and fun — Quiz #20!
21,Day 21 Stupid Quiz,Your daily moment of confusion and fun — Quiz #21!
22,Day 22 Stupid Quiz,Your daily moment of confusion and fun — Quiz #22!
23,Day 23 Stupid Quiz,Your daily moment of confusion and fun — Quiz #23!
24,Day 24 Stupid Quiz,Your daily moment of confusion and fun — Quiz #24!
25,Day 25 Stupid Quiz,Your daily moment of confusion and fun — Quiz #25!
26,Day 26 Stupid Quiz,Your daily moment of confusion and fun — Quiz #26!
27,Day 27 Stupid Quiz,Your daily moment of confusion and fun — Quiz #27!
28,Day 28 Stupid Quiz,Your daily moment of confusion and fun — Quiz #28!
29,Day 29 Stupid Quiz,Your daily moment of confusion and fun — Quiz #29!
30,Day 30 Stupid Quiz,Your daily moment of confusion and fun — Quiz #30!
31,Day 31 Stupid Quiz,Your daily moment of confusion and fun — Quiz #31!
32,Day 32 Stupid Quiz,Your daily moment of confusion and fun — Quiz #32!
33,Day 33 Stupid Quiz,Your daily moment of confusion and fun — Quiz #33!
34,Day 34 Stupid Quiz,Your daily moment of confusion and fun — Quiz #34!
35,Day 35 Stupid Quiz,Your daily moment of confusion and fun — Quiz #35!
36,Day 36 Stupid Quiz,Your daily moment of confusion and fun — Quiz #36!
37,Day 37 Stupid Quiz,Your daily moment of confusion and fun — Quiz #37!
38,Day 38 Stupid Quiz,Your daily moment of confusion and fun — Quiz #38!
39,Day 39 Stupid Quiz,Your daily moment of confusion and fun — Quiz #39!
40,Day 40 Stupid Quiz,Your daily moment of confusion and fun — Quiz #40!
41,Day 41 Stupid Quiz,Your daily moment of confusion and fun — Quiz #41!
42,Day 42 Stupid Quiz,Your daily moment of confusion and fun — Quiz #42!
43,Day 43 Stupid Quiz,Your daily moment of confusion and fun — Quiz #43!
44,Day 44 Stupid Quiz,Your daily moment of confusion and fun — Quiz #44!
45,Day 45 Stupid Quiz,Your daily moment of confusion and fun — Quiz #45!
46,Day 46 Stupid Quiz,Your daily moment of confusion and fun — Quiz #46!
47,Day 47 Stupid Quiz,Your daily moment of confusion and fun — Quiz #47!
48,Day 48 Stupid Quiz,Your daily moment of confusion and fun — Quiz #48!
49,Day 49 Stupid Quiz,Your daily moment of confusion and fun — Quiz #49!
50,Day 50 Stupid Quiz,Your daily moment of confusion and fun — Quiz #50!
51,Day 51 Stupid Quiz,Your daily moment of confusion and fun — Quiz #51!
52,Day 52 Stupid Quiz,Your daily moment of confusion and fun — Quiz #52!
53,Day 53 Stupid Quiz,Your daily moment of confusion and fun — Quiz #53!
54,Day 54 Stupid Quiz,Your daily moment of confusion and fun — Quiz #54!
55,Day 55 Stupid Quiz,Your daily moment of confusion and fun — Quiz #55!
56,Day 56 Stupid Quiz,Your daily moment of confusion and fun — Quiz #56!
57,Day 57 Stupid Quiz,Your daily moment of confusion and fun — Quiz #57!
58,Day 58 Stupid Quiz,Your daily moment of confusion and fun — Quiz #58!
59,Day 59 Stupid Quiz,Your daily moment of confusion and fun — Quiz #59!
60,Day 60 Stupid Quiz,Your daily moment of confusion and fun — Quiz #60!
61,Day 61 Stupid Quiz,Your daily moment of confusion and fun — Quiz #61!
62,Day 62 Stupid Quiz,Your daily moment of confusion and fun — Quiz #62!
63,Day 63 Stupid Quiz,Your daily moment of confusion and fun — Quiz #63!
64,Day 64 Stupid Quiz,Your daily moment of confusion and fun — Quiz #64!
65,Day 65 Stupid Quiz,Your daily moment of confusion and fun — Quiz #65!
66,Day 66 Stupid Quiz,Your daily moment of confusion and fun — Quiz #66!
67,Day 67 Stupid Quiz,Your daily moment of confusion and fun — Quiz #67!
68,Day 68 Stupid Quiz,Your daily moment of confusion and fun — Quiz #68!
69,Day 69 Stupid Quiz,Your daily moment of confusion and fun — Quiz #69!
70,Day 70 Stupid Quiz,Your daily moment of confusion and fun — Quiz #70!
71,Day 71 Stupid Quiz,Your daily moment of confusion and fun — Quiz #71!
72,Day 72 Stupid Quiz,Your daily moment of confusion and fun — Quiz #72!
73,Day 73 Stupid Quiz,Your daily moment of confusion and fun — Quiz #73!
74,Day 74 Stupid Quiz,Your daily moment of confusion and fun — Quiz #74!
75,Day 75 Stupid Quiz,Your daily moment of confusion and fun — Quiz #75!
76,Day 76 Stupid Quiz,Your daily moment of confusion and fun — Quiz #76!
77,Day 77 Stupid Quiz,Your daily moment of confusion and fun — Quiz #77!
78,Day 78 Stupid Quiz,Your daily moment of confusion and fun — Quiz #78!
79,Day 79 Stupid Quiz,Your daily moment of confusion and fun — Quiz #79!
80,Day 80 Stupid Quiz,Your daily moment of confusion and fun — Quiz #80!
81,Day 81 Stupid Quiz,Your daily moment of confusion and fun — Quiz #81!
82,Day 82 Stupid Quiz,Your daily moment of confusion and fun — Quiz #82!
83,Day 83 Stupid Quiz,Your daily moment of confusion and fun — Quiz #83!
84,Day 84 Stupid Quiz,Your daily moment of confusion and fun — Quiz #84!
85,Day 85 Stupid Quiz,Your daily moment of confusion and fun — Quiz #85!
86,Day 86 Stupid Quiz,Your daily moment of confusion and fun — Quiz #86!
87,Day 87 Stupid Quiz,Your daily moment of confusion and fun — Quiz #87!
88,Day 88 Stupid Quiz,Your daily moment of confusion and fun — Quiz #88!
89,Day 89 Stupid Quiz,Your daily moment of confusion and fun — Quiz #89!
90,Day 90 Stupid Quiz,Your daily moment of confusion and fun — Quiz #90!
